standard_manhattan,standard_euclidean,standard_minkowski,harmonic_manhattan,harmonic_euclidean,harmonic_minkowski,distance_manhattan,distance_euclidean,distance_minkowski,k
80.87764866712236,79.06083390293917,78.8712690817954,55.233082706766915,55.233082706766915,55.233082706766915,80.87764866712236,79.06083390293917,78.8712690817954,1
83.07723855092277,80.49578491683755,80.59193438140807,55.233082706766915,55.233082706766915,55.233082706766915,82.40738209159262,80.11255411255411,80.11300979722031,3
83.74800637958532,81.93164730006836,81.1660970608339,55.233082706766915,55.233082706766915,55.233082706766915,83.36477557530189,81.26087947140579,80.68671679197995,5
83.36659831396673,81.16746411483254,80.21052631578948,55.328776486671224,55.233082706766915,55.233082706766915,83.55753018910914,81.93210298473457,80.87901572112098,7
83.17475506949191,81.54887218045113,81.35748462064251,55.328776486671224,55.233082706766915,55.233082706766915,83.93893825472773,82.69628616997038,82.12212349054454,9
83.0786056049214,82.6015037593985,81.07222601959444,55.328776486671224,55.233082706766915,55.233082706766915,84.03372066529961,82.60013670539988,81.45363408521303,11
83.36523125996811,82.50580997949419,80.21007063112326,55.328776486671224,55.233082706766915,55.233082706766915,84.22465254044201,82.98245614035088,81.54841649578492,13
83.1742993848257,82.02779676463886,80.49669628616996,55.328776486671224,55.233082706766915,55.233082706766915,83.93848257006151,82.31396673501936,80.8794714057872,15
